Gene,Importance
205225_at,0.03356096597757117
224447_s_at,0.02251460909964379
228362_s_at,0.01924787613056049
204092_s_at,0.01763831002127652
211712_s_at,0.015142505221426366
224674_at,0.014506318660237355
204913_s_at,0.01441527778601753
227811_at,0.011807751760415803
210930_s_at,0.01176019025518025
210761_s_at,0.011090808372114064
203685_at,0.009846898699926712
208079_s_at,0.009256708193739726
210085_s_at,0.009180669617909613
204914_s_at,0.00916824642655897
206364_at,0.009142115859816785
55616_at,0.008910042608862313
206208_at,0.008696666829459026
221811_at,0.008506209630630968
203380_x_at,0.008292386240479711
202954_at,0.008138532989114851
203358_s_at,0.00811022853787117
215360_at,0.00809872526971284
204915_s_at,0.007772684373209189
219918_s_at,0.00736685370796887
225687_at,0.007183178429175685
205046_at,0.007181603816826422
223229_at,0.007130982726659402
224376_s_at,0.006948466050290666
228241_at,0.00694802365507313
219065_s_at,0.0060774565091112264
234675_x_at,0.005929707839930273
213330_s_at,0.005897814185890459
203554_x_at,0.005895197758532485
221928_at,0.0056044258091720025
217755_at,0.005559274057052846
216289_at,0.005525032481671028
204865_at,0.005318025992434714
238062_at,0.005286382066307516
244368_x_at,0.005228582459789983
206209_s_at,0.005219869678121083
238344_at,0.00519025330857313
209464_at,0.005158337743307992
216836_s_at,0.0051504723054118925
213183_s_at,0.004987908224317426
225629_s_at,0.004961956218700307
225379_at,0.004943230751122982
204962_s_at,0.0048927521731530884
244495_x_at,0.004792247827651693
222077_s_at,0.004751545149860504
205034_at,0.0047225179256725714
240595_at,0.0047082926846044705
223623_at,0.004659597092981647
233817_at,0.004656895039646652
1562527_at,0.004584777927561541
229839_at,0.004571400377734417
232800_at,0.004545307432098253
203362_s_at,0.004531720099509673
244112_x_at,0.004509632089095046
219787_s_at,0.004497169032667132
202991_at,0.004459992141891402
216153_x_at,0.004427345016652663
209408_at,0.004421925958070513
210052_s_at,0.004255139112990714
207165_at,0.004239869911791198
213486_at,0.004214621766190503
244655_at,0.004057633345668828
204822_at,0.0040512869468257336
209686_at,0.004046665727972955
204825_at,0.003986951959314831
224458_at,0.003973227785481492
205824_at,0.003966613864052648
201291_s_at,0.003945622552872103
227984_at,0.003718559016545817
204648_at,0.0036261573535812616
242731_x_at,0.0035878897235866038
1570255_s_at,0.0035648931149993885
238964_at,0.003562759463679858
201381_x_at,0.0035235655319836344
208622_s_at,0.003453878746934773
238701_x_at,0.0034128580997821213
212021_s_at,0.0033945282370555865
232324_x_at,0.0033535802011035254
202705_at,0.003353247261468716
206879_s_at,0.003305705897628114
216479_at,0.003292100148676677
236657_at,0.0032029207213370636
232313_at,0.0031930736673591634
242436_at,0.0030731936338298915
227068_at,0.003038234144204108
1569609_at,0.0030076555049316687
214710_s_at,0.003006953118079889
224012_at,0.00298889595117244
200026_at,0.0029607397900240527
242619_x_at,0.0029593460946468163
210691_s_at,0.002958893218678423
214435_x_at,0.0029393633170485614
218585_s_at,0.00293758702658858
228653_at,0.0029218970248115015
213900_at,0.002918006781139379
224753_at,0.0029149784514562855
227801_at,0.002905669235569726
204754_at,0.002878049325086069
232614_at,0.002846726748699115
222032_s_at,0.0028465388830781597
201695_s_at,0.002825967731156461
217054_at,0.0028035852426709696
212022_s_at,0.002757686913755675
200755_s_at,0.0027349529756071933
222608_s_at,0.0027329634963271154
218360_at,0.0027236456653349102
218726_at,0.0026936159820799927
240988_x_at,0.0026880822280990536
222329_x_at,0.0026765608450762903
1560144_at,0.0026535694326113805
205604_at,0.002646024845827241
239523_at,0.0026390425250764965
236038_at,0.0026285864615825487
204920_at,0.0026026463506973485
230959_at,0.0025922685596960365
223361_at,0.00257933386553168
212464_s_at,0.0025744251307859866
1556181_at,0.0025320148725051666
201920_at,0.0025308005529739394
1569664_at,0.002519765206704476
206093_x_at,0.002519694976916711
206453_s_at,0.0025192422895267863
209714_s_at,0.0025098216914837272
222521_x_at,0.0024840134166726965
236010_at,0.002462068539769568
203996_s_at,0.0024317911782508147
227006_at,0.0024265487235383266
244612_at,0.0024238896233502918
218355_at,0.0023946336713533195
201091_s_at,0.0023897861081989325
209773_s_at,0.002386378595101817
211762_s_at,0.002382126699544571
220232_at,0.002381681961361163
218039_at,0.0023600153437542026
214078_at,0.002358317925126677
218542_at,0.002354628300007568
211565_at,0.002304022728621858
1555928_at,0.002290851002439855
202666_s_at,0.002278514675855932
219064_at,0.0022570707043150736
208905_at,0.002233742659675386
218755_at,0.002228671708001372
203755_at,0.0022060009985916435
221677_s_at,0.0021984546458781234
200738_s_at,0.0021908922604485757
1555707_at,0.00215971768953687
205292_s_at,0.002153932719780079
230790_x_at,0.00215316800720414
222752_s_at,0.002088181157138866
213451_x_at,0.002078164073451943
1562755_at,0.0020767985269557476
1556206_at,0.002074631720009964
211349_at,0.002052508383563586
225986_x_at,0.002029561360869125
202487_s_at,0.001989835408769399
231766_s_at,0.001949621029560475
235093_at,0.0019462420459637397
225195_at,0.0019241672913021435
234339_s_at,0.0019141707430448778
217807_s_at,0.0019000196602048003
1555926_a_at,0.0018928667808227246
1558048_x_at,0.0018908782731059575
204460_s_at,0.0018545394366852816
1560081_at,0.0018467402604249153
227819_at,0.0018449738188327928
212271_at,0.001834696065492687
208952_s_at,0.001827643847662667
244730_x_at,0.0017985302641670572
224429_x_at,0.0017978128050801874
216331_at,0.0017940747124719062
236131_at,0.00174686735395397
202583_s_at,0.0017433038770311297
200638_s_at,0.0017414991780545892
1555758_a_at,0.0017395095965165696
233997_at,0.0017366465856243761
1563182_at,0.0017347981846742406
202095_s_at,0.0017199763090444402
1555948_s_at,0.001675539958360559
243689_s_at,0.0016357825877548996
237040_at,0.0016107525736677442
209218_at,0.0016094186495227943
204318_s_at,0.0016086838993712423
1552619_a_at,0.0015959314059177732
222155_s_at,0.001593509165305509
208153_s_at,0.00158361674693237
208867_s_at,0.0015670435427426288
212134_at,0.0015668884332845241
213715_s_at,0.0015600805251343697
204033_at,0.0015560101473106886
219140_s_at,0.001551460229885137
1554553_s_at,0.0015475702645126432
201663_s_at,0.0015455260196180324
218866_s_at,0.0015406599839689716
239963_at,0.001538985622544797
200698_at,0.0015280642271512323
236856_x_at,0.0015194099856886863
228890_at,0.0015102609803419882
207828_s_at,0.0015037292097940102
219398_at,0.0014953132636862055
200021_at,0.001486187665941787
208689_s_at,0.0014635182468903133
220725_x_at,0.0014593507009915967
241199_x_at,0.0014578876913424995
209186_at,0.0014518316728951441
200065_s_at,0.0014398401570462648
217695_x_at,0.0014357059296076786
209057_x_at,0.001424476993977124
224159_x_at,0.0014198033948235997
230867_at,0.0014048309354490907
201585_s_at,0.0014021274381231911
201812_s_at,0.0013922126467028383
210771_at,0.0013813746713582419
221795_at,0.001367447301282327
222442_s_at,0.0013631558793408742
209025_s_at,0.001358940603745856
215438_x_at,0.0013502678777475793
236874_at,0.0013426942644847875
206742_at,0.0013391765006582261
236656_s_at,0.0013179589982986971
209238_at,0.0013128392156991063
1562144_at,0.001307511256398465
220452_x_at,0.001299928227350954
219230_at,0.001291914228239878
218872_at,0.0012886052785854403
223496_s_at,0.0012874078861369383
233103_at,0.0012837986522561047
202543_s_at,0.0012776198298887305
244876_at,0.0012762662148265546
218781_at,0.0012697743295371723
216702_x_at,0.0012458854764695023
211673_s_at,0.0012374237152812208
201287_s_at,0.00122395651715176
218107_at,0.0012226581464384616
201726_at,0.0012213166340077641
236359_at,0.0012208167098648269
201890_at,0.0012027599466403176
200890_s_at,0.0011972126906350166
218782_s_at,0.0011849992055404054
208953_at,0.0011778513342310163
213911_s_at,0.001165449567203232
242862_x_at,0.0011605077952349314
222386_s_at,0.0011407340012348677
203249_at,0.0011391772495615703
232540_x_at,0.0011300989686914827
217986_s_at,0.0011232857314853384
211697_x_at,0.0011145907792206049
222537_s_at,0.0011144785164341664
210978_s_at,0.0011134084585596006
225439_at,0.0011106241411162723
213350_at,0.0011061681467630262
208609_s_at,0.0011053579262702683
233919_s_at,0.001104542401315787
1558170_at,0.0011035666353013402
209162_s_at,0.001101165396400899
211719_x_at,0.001091275253191837
203622_s_at,0.0010864191126348974
202817_s_at,0.0010857541007208106
200900_s_at,0.0010788457082865695
230922_x_at,0.0010635664002313855
243526_at,0.0010525999387319114
205200_at,0.0010447299017251016
219978_s_at,0.001043372492690783
219550_at,0.0010422311863926578
206243_at,0.0010400068703346349
1569872_a_at,0.0010245797366820952
200729_s_at,0.00101633317959259
219099_at,0.0010122536966881161
203213_at,0.0010005300993468022
204026_s_at,0.0009920320761267545
201950_x_at,0.0009919788572480869
201273_s_at,0.0009813928490169247
1553243_at,0.000977815184914602
215921_at,0.0009768676085576088
222187_x_at,0.0009563695254211407
201088_at,0.0009535614222303411
201689_s_at,0.0009511259078785525
203630_s_at,0.0009448777602798612
222587_s_at,0.0009402179152133163
225402_at,0.0009369949359768422
221561_at,0.0009327004538537085
200751_s_at,0.0009271705130771043
204478_s_at,0.0009029247966167893
224377_s_at,0.0008926155050769933
1555730_a_at,0.0008887566253499257
223796_at,0.000887436840894099
200996_at,0.0008640013330918719
218717_s_at,0.0008361877867716969
228831_s_at,0.0008216086481045989
221528_s_at,0.0008130602520075419
207608_x_at,0.0008101911413052439
208540_x_at,0.0007944212297144952
213226_at,0.0007763606724756682
219058_x_at,0.0007553014466092109
212902_at,0.0007319403405571381
233757_x_at,0.0007295317979807574
205644_s_at,0.0006918283886992963
210216_x_at,0.0006829936295510705
212344_at,0.0006641799033180882
226822_at,0.0006633553986096283
229951_x_at,0.0006604358044075724
210800_at,0.0006602646230869986
219121_s_at,0.0006592339307973236
203108_at,0.0006565573845401863
222976_s_at,0.0006545122356759851
201761_at,0.0006533201604973816
202870_s_at,0.0006492255060997623
1566303_s_at,0.0006364967247675035
229490_s_at,0.0006314059352920578
241636_x_at,0.0006290286814365375
218567_x_at,0.0006289103535841415
206560_s_at,0.0006288221844543566
215441_at,0.0006171749174358707
241632_x_at,0.0006121279736803317
206438_x_at,0.00060030862523629
244027_at,0.0005951715910917738
206102_at,0.0005933627870309437
32259_at,0.0005927483500072322
235759_at,0.0005871128834621444
219689_at,0.0005800164630634175
202469_s_at,0.0005771375077168767
203812_at,0.0005567941235092435
231118_at,0.0005418870684064814
222981_s_at,0.0005343051922395442
200660_at,0.000530083529499081
201688_s_at,0.0005231331100542153
206289_at,0.000521195881834071
203952_at,0.0005165310166911027
218883_s_at,0.0005125463891217539
206323_x_at,0.0005095422245265886
201524_x_at,0.0005077295702537451
230956_at,0.0005067909503719929
235849_at,0.0005037766889406009
208687_x_at,0.00048777884268824093
213101_s_at,0.0004847906309061477
226276_at,0.0004738036694734436
228770_at,0.00044748943018123923
218728_s_at,0.0004365443084828041
232643_at,0.00043645900402451254
210845_s_at,0.0004337172466842018
202593_s_at,0.000433640092512153
201523_x_at,0.00042819893874375105
201821_s_at,0.0004246612456637853
218474_s_at,0.0004221379058368261
223993_s_at,0.00041065005950322465
201179_s_at,0.0004031192210314366
228618_at,0.00039474610197851295
217356_s_at,0.0003918934931611968
213221_s_at,0.00039125618311821914
232538_at,0.00038898799411031954
53991_at,0.00038865567151118337
220691_at,0.0003537973126290236
234243_at,0.00035235128306441396
212623_at,0.0003454312004036149
226319_s_at,0.00034188492304809264
201298_s_at,0.00034048130735103054
218578_at,0.00033681492946132237
1566145_s_at,0.00033249218305028396
225400_at,0.00032814350141410244
218324_s_at,0.0003271068082071882
208932_at,0.0003157582781076503
208743_s_at,0.00031556482164237073
201586_s_at,0.0003051942520515094
220456_at,0.00030189317979078986
203296_s_at,0.0002939802906528673
231013_at,0.0002934299364412066
243416_at,0.0002889367827267398
203087_s_at,0.00028106600284606866
1558727_at,0.00027703806848258377
202779_s_at,0.000273166673530279
233810_x_at,0.0002674898615985579
1555778_a_at,0.0002651981568021535
212322_at,0.00026417860093709447
208744_x_at,0.0002607182782457964
218209_s_at,0.00025290213641522086
217777_s_at,0.0002525817715758247
209074_s_at,0.00025222906032522244
202736_s_at,0.0002518927738260506
240277_at,0.000251497950908112
212353_at,0.00024923107400276717
216442_x_at,0.0002420328105322314
207168_s_at,0.0002374956354586992
209570_s_at,0.0002369596387545233
238634_x_at,0.00023537876897290446
210337_s_at,0.0002348393646715633
214845_s_at,0.0002278379728725687
242432_at,0.00021987560078451666
233781_s_at,0.00021559841054395805
233868_x_at,0.00020989212275504725
215646_s_at,0.00020782999195448023
230472_at,0.0002036049368406037
216272_x_at,0.000189825623640295
227419_x_at,0.00018796341991391042
215780_s_at,0.0001859477020271079
205941_s_at,0.00018374825484297795
1556182_x_at,0.00018175021422572505
202899_s_at,0.00018159768527389457
229021_at,0.00018007586507652693
1554003_at,0.00017964679906314862
239959_x_at,0.00017856071445641452
227145_at,0.00017682838818346288
221796_at,0.00017666417475714855
1555929_s_at,0.00017351681740331563
218260_at,0.00017279524132580762
212472_at,0.0001707960060901235
205878_at,0.00016916945539723904
200700_s_at,0.0001673127292891334
210559_s_at,0.00016677440206851922
212115_at,0.00016661004803071092
218129_s_at,0.0001653159671972977
1563034_at,0.0001618198509390246
232079_s_at,0.0001591794193602645
200753_x_at,0.00015557337939129274
223101_s_at,0.0001536481690788032
200853_at,0.00015356109616624375
217052_x_at,0.00013256621057556196
1558254_s_at,0.00012284957123347067
205208_at,0.00011213689284583027
205384_at,0.00010757596599955507
233367_at,0.00010273091393576672
204170_s_at,9.891598693056257e-05
212165_at,9.847576136697941e-05
232951_at,9.810150553479664e-05
1561754_at,9.664043624914806e-05
202166_s_at,9.456836582065096e-05
209842_at,9.179727094407172e-05
32625_at,9.177825317592355e-05
204134_at,9.163162589194812e-05
204421_s_at,9.041187655138009e-05
213706_at,8.989045445568681e-05
1554747_a_at,8.929885745338085e-05
1556006_s_at,8.880126309377969e-05
201584_s_at,8.783072504627964e-05
210511_s_at,8.74120254139099e-05
202311_s_at,8.735973700039405e-05
200641_s_at,8.699183334291469e-05
200712_s_at,8.677347242921129e-05
218302_at,8.663769103106775e-05
224546_at,8.653356754133971e-05
223880_x_at,8.64017625304901e-05
218009_s_at,8.638418660283166e-05
223754_at,8.636998801857708e-05
201096_s_at,8.579575193900902e-05
216333_x_at,8.488534458363493e-05
213292_s_at,8.363472318728795e-05
242107_x_at,7.15079303709261e-05
1564494_s_at,6.651479882588824e-05
230494_at,6.468571428571594e-05
225681_at,6.439036418884503e-05
202503_s_at,6.202120584630176e-05
223781_x_at,4.956488838441233e-05
210495_x_at,4.5642595246200984e-05
201548_s_at,4.532817702564552e-05
1568954_s_at,4.173466186005536e-18
242452_at,3.0044322006073345e-18
201020_at,2.7985997324069512e-18
231031_at,2.395085124361687e-18
206180_x_at,2.3595912284855192e-18
235103_at,2.325375822604243e-18
207092_at,2.219278261513703e-18
217919_s_at,2.213463847741136e-18
222295_x_at,2.109795100937425e-18
1552509_a_at,1.6143986044234679e-18
200728_at,1.156781494203647e-18
205923_at,1.001340785093866e-18
200744_s_at,8.758353471612994e-19
213872_at,6.753481595438959e-19
231015_at,6.750399074577062e-19
218401_s_at,6.745060903715489e-19
213192_at,6.713109722056017e-19
204442_x_at,6.228383211171591e-19
201912_s_at,5.571179662661188e-19
214501_s_at,4.1937289522581045e-19
221079_s_at,3.644864266728633e-19
219017_at,3.453186170491113e-19
233208_x_at,3.4523281756531787e-19
1555618_s_at,2.5493950149285336e-19
1556364_at,2.25515063554524e-19
224917_at,1.290938232941403e-19
226524_at,1.2565332546384644e-19
212595_s_at,6.435695880022594e-20
205507_at,0.0
208750_s_at,0.0
207172_s_at,0.0
211571_s_at,0.0
209882_at,0.0
212559_at,0.0
222473_s_at,0.0
222399_s_at,0.0
201591_s_at,0.0
228880_at,0.0
229569_at,0.0
201351_s_at,0.0
201399_s_at,0.0
201277_s_at,0.0
235418_at,0.0
1554804_a_at,0.0
